Time,hey,pressure
5.4,0.980493,0.850781
5.609,1.00627,0.850781
5.957,0.979688,0.850781
6.163,0.980493,0.851587
