Time,temp,pressure
3.919,1.28987,0.966797
4.118,1.28906,0.966797
4.322,1.28987,0.954712
4.472,1.30276,0.993384
4.676,1.28906,0.979688
